,Country,Code,date,total,daily
1,Australia,AUS,2020-01-01,0,0
2,Australia,AUS,2020-01-02,0,0
3,Australia,AUS,2020-01-03,0,0
4,Australia,AUS,2020-01-04,0,0
5,Australia,AUS,2020-01-05,0,0
6,Australia,AUS,2020-01-06,0,0
7,Australia,AUS,2020-01-07,0,0
8,Australia,AUS,2020-01-08,0,0
9,Australia,AUS,2020-01-09,0,0
10,Australia,AUS,2020-01-10,0,0
11,Australia,AUS,2020-01-11,0,0
12,Australia,AUS,2020-01-12,0,0
13,Australia,AUS,2020-01-13,0,0
14,Australia,AUS,2020-01-14,0,0
15,Australia,AUS,2020-01-15,0,0
16,Australia,AUS,2020-01-16,0,0
17,Australia,AUS,2020-01-17,0,0
18,Australia,AUS,2020-01-18,0,0
19,Australia,AUS,2020-01-19,0,0
20,Australia,AUS,2020-01-20,0,0
21,Australia,AUS,2020-01-21,0,0
22,Australia,AUS,2020-01-22,0,0
23,Australia,AUS,2020-01-23,0,0
24,Australia,AUS,2020-01-24,0,0
25,Australia,AUS,2020-01-25,0,0
26,Australia,AUS,2020-01-26,0,0
27,Australia,AUS,2020-01-27,0,0
28,Australia,AUS,2020-01-28,0,0
29,Australia,AUS,2020-01-29,0,0
30,Australia,AUS,2020-01-30,0,0
31,Australia,AUS,2020-01-31,0,0
32,Australia,AUS,2020-02-01,0,0
33,Australia,AUS,2020-02-02,0,0
34,Australia,AUS,2020-02-03,0,0
35,Australia,AUS,2020-02-04,0,0
36,Australia,AUS,2020-02-05,0,0
37,Australia,AUS,2020-02-06,0,0
38,Australia,AUS,2020-02-07,0,0
39,Australia,AUS,2020-02-08,0,0
40,Australia,AUS,2020-02-09,0,0
41,Australia,AUS,2020-02-10,0,0
42,Australia,AUS,2020-02-11,0,0
43,Australia,AUS,2020-02-12,0,0
44,Australia,AUS,2020-02-13,0,0
45,Australia,AUS,2020-02-14,0,0
46,Australia,AUS,2020-02-15,0,0
47,Australia,AUS,2020-02-16,0,0
48,Australia,AUS,2020-02-17,0,0
49,Australia,AUS,2020-02-18,0,0
50,Australia,AUS,2020-02-19,0,0
51,Australia,AUS,2020-02-20,0,0
52,Australia,AUS,2020-02-21,0,0
53,Australia,AUS,2020-02-22,0,0
54,Australia,AUS,2020-02-23,0,0
55,Australia,AUS,2020-02-24,0,0
56,Australia,AUS,2020-02-25,0,0
57,Australia,AUS,2020-02-26,0,0
58,Australia,AUS,2020-02-27,0,0
59,Australia,AUS,2020-02-28,0,0
60,Australia,AUS,2020-02-29,0,0
61,Australia,AUS,2020-03-01,1,1
62,Australia,AUS,2020-03-02,1,0
63,Australia,AUS,2020-03-03,1,0
64,Australia,AUS,2020-03-04,1,0
65,Australia,AUS,2020-03-05,2,1
66,Australia,AUS,2020-03-06,2,0
67,Australia,AUS,2020-03-07,2,0
68,Australia,AUS,2020-03-08,3,1
69,Australia,AUS,2020-03-09,3,0
70,Australia,AUS,2020-03-10,3,0
71,Australia,AUS,2020-03-11,3,0
72,Australia,AUS,2020-03-12,3,0
73,Australia,AUS,2020-03-13,3,0
74,Australia,AUS,2020-03-14,3,0
75,Australia,AUS,2020-03-15,3,0
76,Australia,AUS,2020-03-16,5,2
77,Australia,AUS,2020-03-17,5,0
78,Australia,AUS,2020-03-18,5,0
79,Australia,AUS,2020-03-19,6,1
80,Australia,AUS,2020-03-20,6,0
81,Australia,AUS,2020-03-21,7,1
82,Australia,AUS,2020-03-22,7,0
83,Australia,AUS,2020-03-23,7,0
84,Australia,AUS,2020-03-24,7,0
85,Australia,AUS,2020-03-25,8,1
86,Australia,AUS,2020-03-26,11,3
87,Australia,AUS,2020-03-27,13,2
88,Australia,AUS,2020-03-28,13,0
89,Australia,AUS,2020-03-29,14,1
90,Australia,AUS,2020-03-30,16,2
91,Australia,AUS,2020-03-31,19,3
92,Australia,AUS,2020-04-01,20,1
93,Australia,AUS,2020-04-02,21,1
94,Australia,AUS,2020-04-03,23,2
95,Australia,AUS,2020-04-04,30,7
96,Australia,AUS,2020-04-05,34,4
97,Australia,AUS,2020-04-06,36,2
98,Australia,AUS,2020-04-07,42,6
99,Australia,AUS,2020-04-08,45,3
100,Belgium,BEL,2020-01-01,0,0
101,Belgium,BEL,2020-01-02,0,0
102,Belgium,BEL,2020-01-03,0,0
103,Belgium,BEL,2020-01-04,0,0
104,Belgium,BEL,2020-01-05,0,0
105,Belgium,BEL,2020-01-06,0,0
106,Belgium,BEL,2020-01-07,0,0
107,Belgium,BEL,2020-01-08,0,0
108,Belgium,BEL,2020-01-09,0,0
109,Belgium,BEL,2020-01-10,0,0
110,Belgium,BEL,2020-01-11,0,0
111,Belgium,BEL,2020-01-12,0,0
112,Belgium,BEL,2020-01-13,0,0
113,Belgium,BEL,2020-01-14,0,0
114,Belgium,BEL,2020-01-15,0,0
115,Belgium,BEL,2020-01-16,0,0
116,Belgium,BEL,2020-01-17,0,0
117,Belgium,BEL,2020-01-18,0,0
118,Belgium,BEL,2020-01-19,0,0
119,Belgium,BEL,2020-01-20,0,0
120,Belgium,BEL,2020-01-21,0,0
121,Belgium,BEL,2020-01-22,0,0
122,Belgium,BEL,2020-01-23,0,0
123,Belgium,BEL,2020-01-24,0,0
124,Belgium,BEL,2020-01-25,0,0
125,Belgium,BEL,2020-01-26,0,0
126,Belgium,BEL,2020-01-27,0,0
127,Belgium,BEL,2020-01-28,0,0
128,Belgium,BEL,2020-01-29,0,0
129,Belgium,BEL,2020-01-30,0,0
130,Belgium,BEL,2020-01-31,0,0
131,Belgium,BEL,2020-02-01,0,0
132,Belgium,BEL,2020-02-02,0,0
133,Belgium,BEL,2020-02-03,0,0
134,Belgium,BEL,2020-02-04,0,0
135,Belgium,BEL,2020-02-05,0,0
136,Belgium,BEL,2020-02-06,0,0
137,Belgium,BEL,2020-02-07,0,0
138,Belgium,BEL,2020-02-08,0,0
139,Belgium,BEL,2020-02-09,0,0
140,Belgium,BEL,2020-02-10,0,0
141,Belgium,BEL,2020-02-11,0,0
142,Belgium,BEL,2020-02-12,0,0
143,Belgium,BEL,2020-02-13,0,0
144,Belgium,BEL,2020-02-14,0,0
145,Belgium,BEL,2020-02-15,0,0
146,Belgium,BEL,2020-02-16,0,0
147,Belgium,BEL,2020-02-17,0,0
148,Belgium,BEL,2020-02-18,0,0
149,Belgium,BEL,2020-02-19,0,0
150,Belgium,BEL,2020-02-20,0,0
151,Belgium,BEL,2020-02-21,0,0
152,Belgium,BEL,2020-02-22,0,0
153,Belgium,BEL,2020-02-23,0,0
154,Belgium,BEL,2020-02-24,0,0
155,Belgium,BEL,2020-02-25,0,0
156,Belgium,BEL,2020-02-26,0,0
157,Belgium,BEL,2020-02-27,0,0
158,Belgium,BEL,2020-02-28,0,0
159,Belgium,BEL,2020-02-29,0,0
160,Belgium,BEL,2020-03-01,0,0
161,Belgium,BEL,2020-03-02,0,0
162,Belgium,BEL,2020-03-03,0,0
163,Belgium,BEL,2020-03-04,0,0
164,Belgium,BEL,2020-03-05,0,0
165,Belgium,BEL,2020-03-06,0,0
166,Belgium,BEL,2020-03-07,0,0
167,Belgium,BEL,2020-03-08,0,0
168,Belgium,BEL,2020-03-09,0,0
169,Belgium,BEL,2020-03-10,0,0
170,Belgium,BEL,2020-03-11,0,0
171,Belgium,BEL,2020-03-12,3,3
172,Belgium,BEL,2020-03-13,3,0
173,Belgium,BEL,2020-03-14,3,0
174,Belgium,BEL,2020-03-15,4,1
175,Belgium,BEL,2020-03-16,4,0
176,Belgium,BEL,2020-03-17,5,1
177,Belgium,BEL,2020-03-18,5,0
178,Belgium,BEL,2020-03-19,14,9
179,Belgium,BEL,2020-03-20,21,7
180,Belgium,BEL,2020-03-21,37,16
181,Belgium,BEL,2020-03-22,67,30
182,Belgium,BEL,2020-03-23,75,8
183,Belgium,BEL,2020-03-24,88,13
184,Belgium,BEL,2020-03-25,122,34
185,Belgium,BEL,2020-03-26,178,56
186,Belgium,BEL,2020-03-27,220,42
187,Belgium,BEL,2020-03-28,289,69
188,Belgium,BEL,2020-03-29,353,64
189,Belgium,BEL,2020-03-30,431,78
190,Belgium,BEL,2020-03-31,513,82
191,Belgium,BEL,2020-04-01,705,192
192,Belgium,BEL,2020-04-02,828,123
193,Belgium,BEL,2020-04-03,1011,183
194,Belgium,BEL,2020-04-04,1143,132
195,Belgium,BEL,2020-04-05,1283,140
196,Belgium,BEL,2020-04-06,1447,164
197,Belgium,BEL,2020-04-07,1632,185
198,Belgium,BEL,2020-04-08,2035,403
199,Brazil,BRA,2020-01-01,0,0
200,Brazil,BRA,2020-01-02,0,0
201,Brazil,BRA,2020-01-03,0,0
202,Brazil,BRA,2020-01-04,0,0
203,Brazil,BRA,2020-01-05,0,0
204,Brazil,BRA,2020-01-06,0,0
205,Brazil,BRA,2020-01-07,0,0
206,Brazil,BRA,2020-01-08,0,0
207,Brazil,BRA,2020-01-09,0,0
208,Brazil,BRA,2020-01-10,0,0
209,Brazil,BRA,2020-01-11,0,0
210,Brazil,BRA,2020-01-12,0,0
211,Brazil,BRA,2020-01-13,0,0
212,Brazil,BRA,2020-01-14,0,0
213,Brazil,BRA,2020-01-15,0,0
214,Brazil,BRA,2020-01-16,0,0
215,Brazil,BRA,2020-01-17,0,0
216,Brazil,BRA,2020-01-18,0,0
217,Brazil,BRA,2020-01-19,0,0
218,Brazil,BRA,2020-01-20,0,0
219,Brazil,BRA,2020-01-21,0,0
220,Brazil,BRA,2020-01-22,0,0
221,Brazil,BRA,2020-01-23,0,0
222,Brazil,BRA,2020-01-24,0,0
223,Brazil,BRA,2020-01-25,0,0
224,Brazil,BRA,2020-01-26,0,0
225,Brazil,BRA,2020-01-27,0,0
226,Brazil,BRA,2020-01-28,0,0
227,Brazil,BRA,2020-01-29,0,0
228,Brazil,BRA,2020-01-30,0,0
229,Brazil,BRA,2020-01-31,0,0
230,Brazil,BRA,2020-02-01,0,0
231,Brazil,BRA,2020-02-02,0,0
232,Brazil,BRA,2020-02-03,0,0
233,Brazil,BRA,2020-02-04,0,0
234,Brazil,BRA,2020-02-05,0,0
235,Brazil,BRA,2020-02-06,0,0
236,Brazil,BRA,2020-02-07,0,0
237,Brazil,BRA,2020-02-08,0,0
238,Brazil,BRA,2020-02-09,0,0
239,Brazil,BRA,2020-02-10,0,0
240,Brazil,BRA,2020-02-11,0,0
241,Brazil,BRA,2020-02-12,0,0
242,Brazil,BRA,2020-02-13,0,0
243,Brazil,BRA,2020-02-14,0,0
244,Brazil,BRA,2020-02-15,0,0
245,Brazil,BRA,2020-02-16,0,0
246,Brazil,BRA,2020-02-17,0,0
247,Brazil,BRA,2020-02-18,0,0
248,Brazil,BRA,2020-02-19,0,0
249,Brazil,BRA,2020-02-20,0,0
250,Brazil,BRA,2020-02-21,0,0
251,Brazil,BRA,2020-02-22,0,0
252,Brazil,BRA,2020-02-23,0,0
253,Brazil,BRA,2020-02-24,0,0
254,Brazil,BRA,2020-02-25,0,0
255,Brazil,BRA,2020-02-26,0,0
256,Brazil,BRA,2020-02-27,0,0
257,Brazil,BRA,2020-02-28,0,0
258,Brazil,BRA,2020-02-29,0,0
259,Brazil,BRA,2020-03-01,0,0
260,Brazil,BRA,2020-03-02,0,0
261,Brazil,BRA,2020-03-05,0,0
262,Brazil,BRA,2020-03-06,0,0
263,Brazil,BRA,2020-03-07,0,0
264,Brazil,BRA,2020-03-08,0,0
265,Brazil,BRA,2020-03-09,0,0
266,Brazil,BRA,2020-03-11,0,0
267,Brazil,BRA,2020-03-12,0,0
268,Brazil,BRA,2020-03-13,0,0
269,Brazil,BRA,2020-03-14,0,0
270,Brazil,BRA,2020-03-15,0,0
271,Brazil,BRA,2020-03-16,0,0
272,Brazil,BRA,2020-03-17,0,0
273,Brazil,BRA,2020-03-18,1,1
274,Brazil,BRA,2020-03-19,4,3
275,Brazil,BRA,2020-03-20,6,2
276,Brazil,BRA,2020-03-21,11,5
277,Brazil,BRA,2020-03-22,18,7
278,Brazil,BRA,2020-03-23,25,7
279,Brazil,BRA,2020-03-24,34,9
280,Brazil,BRA,2020-03-25,46,12
281,Brazil,BRA,2020-03-26,57,11
282,Brazil,BRA,2020-03-27,77,20
283,Brazil,BRA,2020-03-28,92,15
284,Brazil,BRA,2020-03-29,114,22
285,Brazil,BRA,2020-03-30,136,22
286,Brazil,BRA,2020-03-31,159,23
287,Brazil,BRA,2020-04-01,201,42
288,Brazil,BRA,2020-04-02,241,40
289,Brazil,BRA,2020-04-03,299,58
290,Brazil,BRA,2020-04-04,359,60
291,Brazil,BRA,2020-04-05,432,73
292,Brazil,BRA,2020-04-06,486,54
293,Brazil,BRA,2020-04-07,553,67
294,Brazil,BRA,2020-04-08,667,114
295,China,CHN,2020-01-01,0,0
296,China,CHN,2020-01-02,0,0
297,China,CHN,2020-01-03,0,0
298,China,CHN,2020-01-04,0,0
299,China,CHN,2020-01-05,0,0
300,China,CHN,2020-01-06,0,0
301,China,CHN,2020-01-07,0,0
302,China,CHN,2020-01-08,0,0
303,China,CHN,2020-01-09,0,0
304,China,CHN,2020-01-10,0,0
305,China,CHN,2020-01-11,1,1
306,China,CHN,2020-01-12,1,0
307,China,CHN,2020-01-13,1,0
308,China,CHN,2020-01-14,1,0
309,China,CHN,2020-01-15,2,1
310,China,CHN,2020-01-16,2,0
311,China,CHN,2020-01-17,2,0
312,China,CHN,2020-01-18,2,0
313,China,CHN,2020-01-19,3,1
314,China,CHN,2020-01-20,3,0
315,China,CHN,2020-01-21,6,3
316,China,CHN,2020-01-22,17,11
317,China,CHN,2020-01-23,17,0
318,China,CHN,2020-01-24,26,9
319,China,CHN,2020-01-25,41,15
320,China,CHN,2020-01-26,56,15
321,China,CHN,2020-01-27,81,25
322,China,CHN,2020-01-28,106,25
323,China,CHN,2020-01-29,132,26
324,China,CHN,2020-01-30,170,38
325,China,CHN,2020-01-31,213,43
326,China,CHN,2020-02-01,259,46
327,China,CHN,2020-02-02,304,45
328,China,CHN,2020-02-03,361,57
329,China,CHN,2020-02-04,426,65
330,China,CHN,2020-02-05,492,66
331,China,CHN,2020-02-06,564,72
332,China,CHN,2020-02-07,637,73
333,China,CHN,2020-02-08,723,86
334,China,CHN,2020-02-09,812,89
335,China,CHN,2020-02-10,909,97
336,China,CHN,2020-02-11,1017,108
337,China,CHN,2020-02-12,1114,97
338,China,CHN,2020-02-13,1368,254
339,China,CHN,2020-02-14,1381,13
340,China,CHN,2020-02-15,1524,143
341,China,CHN,2020-02-16,1666,142
342,China,CHN,2020-02-17,1771,105
343,China,CHN,2020-02-18,1869,98
344,China,CHN,2020-02-19,2008,139
345,China,CHN,2020-02-20,2120,112
346,China,CHN,2020-02-21,2238,118
347,China,CHN,2020-02-22,2347,109
348,China,CHN,2020-02-23,2445,98
349,China,CHN,2020-02-24,2595,150
350,China,CHN,2020-02-25,2665,70
351,China,CHN,2020-02-26,2717,52
352,China,CHN,2020-02-27,2746,29
353,China,CHN,2020-02-28,2790,44
354,China,CHN,2020-02-29,2837,47
355,China,CHN,2020-03-01,2872,35
356,China,CHN,2020-03-02,2914,42
357,China,CHN,2020-03-03,2946,32
358,China,CHN,2020-03-04,2983,37
359,China,CHN,2020-03-05,3014,31
360,China,CHN,2020-03-06,3044,30
361,China,CHN,2020-03-07,3072,28
362,China,CHN,2020-03-08,3099,27
363,China,CHN,2020-03-09,3122,23
364,China,CHN,2020-03-10,3139,17
365,China,CHN,2020-03-11,3161,22
366,China,CHN,2020-03-12,3172,11
367,China,CHN,2020-03-13,3179,7
368,China,CHN,2020-03-14,3194,15
369,China,CHN,2020-03-15,3203,9
370,China,CHN,2020-03-16,3216,13
371,China,CHN,2020-03-17,3225,9
372,China,CHN,2020-03-18,3241,16
373,China,CHN,2020-03-19,3249,8
374,China,CHN,2020-03-20,3253,4
375,China,CHN,2020-03-21,3259,6
376,China,CHN,2020-03-22,3265,6
377,China,CHN,2020-03-23,3274,9
378,China,CHN,2020-03-24,3281,7
379,China,CHN,2020-03-25,3285,4
380,China,CHN,2020-03-26,3291,6
381,China,CHN,2020-03-27,3296,5
382,China,CHN,2020-03-28,3299,3
383,China,CHN,2020-03-29,3304,5
384,China,CHN,2020-03-30,3306,2
385,China,CHN,2020-03-31,3309,3
386,China,CHN,2020-04-01,3310,1
387,China,CHN,2020-04-02,3316,6
388,China,CHN,2020-04-03,3326,10
389,China,CHN,2020-04-04,3330,4
390,China,CHN,2020-04-05,3333,3
391,China,CHN,2020-04-06,3335,2
392,China,CHN,2020-04-07,3335,0
393,China,CHN,2020-04-08,3337,2
394,Iran,IRN,2020-01-01,0,0
395,Iran,IRN,2020-01-02,0,0
396,Iran,IRN,2020-01-03,0,0
397,Iran,IRN,2020-01-04,0,0
398,Iran,IRN,2020-01-05,0,0
399,Iran,IRN,2020-01-06,0,0
400,Iran,IRN,2020-01-07,0,0
401,Iran,IRN,2020-01-08,0,0
402,Iran,IRN,2020-01-09,0,0
403,Iran,IRN,2020-01-10,0,0
404,Iran,IRN,2020-01-11,0,0
405,Iran,IRN,2020-01-12,0,0
406,Iran,IRN,2020-01-13,0,0
407,Iran,IRN,2020-01-14,0,0
408,Iran,IRN,2020-01-15,0,0
409,Iran,IRN,2020-01-16,0,0
410,Iran,IRN,2020-01-17,0,0
411,Iran,IRN,2020-01-18,0,0
412,Iran,IRN,2020-01-19,0,0
413,Iran,IRN,2020-01-20,0,0
414,Iran,IRN,2020-01-21,0,0
415,Iran,IRN,2020-01-22,0,0
416,Iran,IRN,2020-01-23,0,0
417,Iran,IRN,2020-01-24,0,0
418,Iran,IRN,2020-01-25,0,0
419,Iran,IRN,2020-01-26,0,0
420,Iran,IRN,2020-01-27,0,0
421,Iran,IRN,2020-01-28,0,0
422,Iran,IRN,2020-01-29,0,0
423,Iran,IRN,2020-01-30,0,0
424,Iran,IRN,2020-01-31,0,0
425,Iran,IRN,2020-02-01,0,0
426,Iran,IRN,2020-02-02,0,0
427,Iran,IRN,2020-02-03,0,0
428,Iran,IRN,2020-02-04,0,0
429,Iran,IRN,2020-02-05,0,0
430,Iran,IRN,2020-02-06,0,0
431,Iran,IRN,2020-02-07,0,0
432,Iran,IRN,2020-02-08,0,0
433,Iran,IRN,2020-02-09,0,0
434,Iran,IRN,2020-02-10,0,0
435,Iran,IRN,2020-02-11,0,0
436,Iran,IRN,2020-02-12,0,0
437,Iran,IRN,2020-02-13,0,0
438,Iran,IRN,2020-02-14,0,0
439,Iran,IRN,2020-02-15,0,0
440,Iran,IRN,2020-02-16,0,0
441,Iran,IRN,2020-02-17,0,0
442,Iran,IRN,2020-02-18,0,0
443,Iran,IRN,2020-02-19,0,0
444,Iran,IRN,2020-02-20,2,2
445,Iran,IRN,2020-02-21,2,0
446,Iran,IRN,2020-02-22,4,2
447,Iran,IRN,2020-02-23,5,1
448,Iran,IRN,2020-02-24,8,3
449,Iran,IRN,2020-02-25,12,4
450,Iran,IRN,2020-02-26,15,3
451,Iran,IRN,2020-02-27,19,4
452,Iran,IRN,2020-02-28,26,7
453,Iran,IRN,2020-02-29,34,8
454,Iran,IRN,2020-03-01,43,9
455,Iran,IRN,2020-03-02,54,11
456,Iran,IRN,2020-03-03,66,12
457,Iran,IRN,2020-03-04,77,11
458,Iran,IRN,2020-03-05,92,15
459,Iran,IRN,2020-03-06,107,15
460,Iran,IRN,2020-03-07,124,17
461,Iran,IRN,2020-03-08,145,21
462,Iran,IRN,2020-03-09,194,49
463,Iran,IRN,2020-03-10,237,43
464,Iran,IRN,2020-03-11,291,54
465,Iran,IRN,2020-03-12,354,63
466,Iran,IRN,2020-03-13,429,75
467,Iran,IRN,2020-03-14,514,85
468,Iran,IRN,2020-03-15,611,97
469,Iran,IRN,2020-03-16,724,113
470,Iran,IRN,2020-03-17,853,129
471,Iran,IRN,2020-03-18,988,135
472,Iran,IRN,2020-03-19,1135,147
473,Iran,IRN,2020-03-20,1284,149
474,Iran,IRN,2020-03-21,1433,149
475,Iran,IRN,2020-03-22,1556,123
476,Iran,IRN,2020-03-23,1685,129
477,Iran,IRN,2020-03-24,1812,127
478,Iran,IRN,2020-03-25,1934,122
479,Iran,IRN,2020-03-26,2077,143
480,Iran,IRN,2020-03-27,2234,157
481,Iran,IRN,2020-03-28,2378,144
482,Iran,IRN,2020-03-29,2517,139
483,Iran,IRN,2020-03-30,2640,123
484,Iran,IRN,2020-03-31,2757,117
485,Iran,IRN,2020-04-01,2898,141
486,Iran,IRN,2020-04-02,3036,138
487,Iran,IRN,2020-04-03,3160,124
488,Iran,IRN,2020-04-04,3160,0
489,Iran,IRN,2020-04-05,3452,292
490,Iran,IRN,2020-04-06,3603,151
491,Iran,IRN,2020-04-07,3739,136
492,Iran,IRN,2020-04-08,3872,133
493,Italy,ITA,2020-01-01,0,0
494,Italy,ITA,2020-01-02,0,0
495,Italy,ITA,2020-01-03,0,0
496,Italy,ITA,2020-01-04,0,0
497,Italy,ITA,2020-01-05,0,0
498,Italy,ITA,2020-01-06,0,0
499,Italy,ITA,2020-01-07,0,0
500,Italy,ITA,2020-01-08,0,0
501,Italy,ITA,2020-01-09,0,0
502,Italy,ITA,2020-01-10,0,0
503,Italy,ITA,2020-01-11,0,0
504,Italy,ITA,2020-01-12,0,0
505,Italy,ITA,2020-01-13,0,0
506,Italy,ITA,2020-01-14,0,0
507,Italy,ITA,2020-01-15,0,0
508,Italy,ITA,2020-01-16,0,0
509,Italy,ITA,2020-01-17,0,0
510,Italy,ITA,2020-01-18,0,0
511,Italy,ITA,2020-01-19,0,0
512,Italy,ITA,2020-01-20,0,0
513,Italy,ITA,2020-01-21,0,0
514,Italy,ITA,2020-01-22,0,0
515,Italy,ITA,2020-01-23,0,0
516,Italy,ITA,2020-01-24,0,0
517,Italy,ITA,2020-01-25,0,0
518,Italy,ITA,2020-01-26,0,0
519,Italy,ITA,2020-01-27,0,0
520,Italy,ITA,2020-01-28,0,0
521,Italy,ITA,2020-01-29,0,0
522,Italy,ITA,2020-01-30,0,0
523,Italy,ITA,2020-01-31,0,0
524,Italy,ITA,2020-02-01,0,0
525,Italy,ITA,2020-02-02,0,0
526,Italy,ITA,2020-02-03,0,0
527,Italy,ITA,2020-02-04,0,0
528,Italy,ITA,2020-02-05,0,0
529,Italy,ITA,2020-02-06,0,0
530,Italy,ITA,2020-02-07,0,0
531,Italy,ITA,2020-02-08,0,0
532,Italy,ITA,2020-02-09,0,0
533,Italy,ITA,2020-02-10,0,0
534,Italy,ITA,2020-02-11,0,0
535,Italy,ITA,2020-02-12,0,0
536,Italy,ITA,2020-02-13,0,0
537,Italy,ITA,2020-02-14,0,0
538,Italy,ITA,2020-02-15,0,0
539,Italy,ITA,2020-02-16,0,0
540,Italy,ITA,2020-02-17,0,0
541,Italy,ITA,2020-02-18,0,0
542,Italy,ITA,2020-02-19,0,0
543,Italy,ITA,2020-02-20,0,0
544,Italy,ITA,2020-02-21,0,0
545,Italy,ITA,2020-02-22,0,0
546,Italy,ITA,2020-02-23,2,2
547,Italy,ITA,2020-02-24,2,0
548,Italy,ITA,2020-02-25,6,4
549,Italy,ITA,2020-02-26,11,5
550,Italy,ITA,2020-02-27,12,1
551,Italy,ITA,2020-02-28,17,5
552,Italy,ITA,2020-02-29,21,4
553,Italy,ITA,2020-03-01,29,8
554,Italy,ITA,2020-03-02,35,6
555,Italy,ITA,2020-03-03,52,17
556,Italy,ITA,2020-03-04,80,28
557,Italy,ITA,2020-03-05,107,27
558,Italy,ITA,2020-03-06,148,41
559,Italy,ITA,2020-03-07,197,49
560,Italy,ITA,2020-03-08,233,36
561,Italy,ITA,2020-03-09,366,133
562,Italy,ITA,2020-03-10,464,98
563,Italy,ITA,2020-03-11,631,167
564,Italy,ITA,2020-03-12,827,196
565,Italy,ITA,2020-03-13,1016,189
566,Italy,ITA,2020-03-14,1268,252
567,Italy,ITA,2020-03-15,1441,173
568,Italy,ITA,2020-03-16,1811,370
569,Italy,ITA,2020-03-17,2158,347
570,Italy,ITA,2020-03-18,2505,347
571,Italy,ITA,2020-03-19,2978,473
572,Italy,ITA,2020-03-20,3407,429
573,Italy,ITA,2020-03-21,4032,625
574,Italy,ITA,2020-03-22,4827,795
575,Italy,ITA,2020-03-23,5476,649
576,Italy,ITA,2020-03-24,6077,601
577,Italy,ITA,2020-03-25,6820,743
578,Italy,ITA,2020-03-26,7505,685
579,Italy,ITA,2020-03-27,8165,660
580,Italy,ITA,2020-03-28,9136,971
581,Italy,ITA,2020-03-29,10023,887
582,Italy,ITA,2020-03-30,10781,758
583,Italy,ITA,2020-03-31,11591,810
584,Italy,ITA,2020-04-01,12430,839
585,Italy,ITA,2020-04-02,13157,727
586,Italy,ITA,2020-04-03,13917,760
587,Italy,ITA,2020-04-04,14681,764
588,Italy,ITA,2020-04-05,15362,681
589,Italy,ITA,2020-04-06,15889,527
590,Italy,ITA,2020-04-07,16525,636
591,Italy,ITA,2020-04-08,17129,604
592,Spain,ESP,2020-01-01,0,0
593,Spain,ESP,2020-01-02,0,0
594,Spain,ESP,2020-01-03,0,0
595,Spain,ESP,2020-01-04,0,0
596,Spain,ESP,2020-01-05,0,0
597,Spain,ESP,2020-01-06,0,0
598,Spain,ESP,2020-01-07,0,0
599,Spain,ESP,2020-01-08,0,0
600,Spain,ESP,2020-01-09,0,0
601,Spain,ESP,2020-01-10,0,0
602,Spain,ESP,2020-01-11,0,0
603,Spain,ESP,2020-01-12,0,0
604,Spain,ESP,2020-01-13,0,0
605,Spain,ESP,2020-01-14,0,0
606,Spain,ESP,2020-01-15,0,0
607,Spain,ESP,2020-01-16,0,0
608,Spain,ESP,2020-01-17,0,0
609,Spain,ESP,2020-01-18,0,0
610,Spain,ESP,2020-01-19,0,0
611,Spain,ESP,2020-01-20,0,0
612,Spain,ESP,2020-01-21,0,0
613,Spain,ESP,2020-01-22,0,0
614,Spain,ESP,2020-01-23,0,0
615,Spain,ESP,2020-01-24,0,0
616,Spain,ESP,2020-01-25,0,0
617,Spain,ESP,2020-01-26,0,0
618,Spain,ESP,2020-01-27,0,0
619,Spain,ESP,2020-01-28,0,0
620,Spain,ESP,2020-01-29,0,0
621,Spain,ESP,2020-01-30,0,0
622,Spain,ESP,2020-01-31,0,0
623,Spain,ESP,2020-02-01,0,0
624,Spain,ESP,2020-02-02,0,0
625,Spain,ESP,2020-02-03,0,0
626,Spain,ESP,2020-02-04,0,0
627,Spain,ESP,2020-02-05,0,0
628,Spain,ESP,2020-02-06,0,0
629,Spain,ESP,2020-02-07,0,0
630,Spain,ESP,2020-02-08,0,0
631,Spain,ESP,2020-02-09,0,0
632,Spain,ESP,2020-02-10,0,0
633,Spain,ESP,2020-02-11,0,0
634,Spain,ESP,2020-02-12,0,0
635,Spain,ESP,2020-02-13,0,0
636,Spain,ESP,2020-02-14,0,0
637,Spain,ESP,2020-02-15,0,0
638,Spain,ESP,2020-02-16,0,0
639,Spain,ESP,2020-02-17,0,0
640,Spain,ESP,2020-02-18,0,0
641,Spain,ESP,2020-02-19,0,0
642,Spain,ESP,2020-02-20,0,0
643,Spain,ESP,2020-02-21,0,0
644,Spain,ESP,2020-02-22,0,0
645,Spain,ESP,2020-02-23,0,0
646,Spain,ESP,2020-02-24,0,0
647,Spain,ESP,2020-02-25,0,0
648,Spain,ESP,2020-02-26,0,0
649,Spain,ESP,2020-02-27,0,0
650,Spain,ESP,2020-02-28,0,0
651,Spain,ESP,2020-02-29,0,0
652,Spain,ESP,2020-03-01,0,0
653,Spain,ESP,2020-03-02,0,0
654,Spain,ESP,2020-03-03,0,0
655,Spain,ESP,2020-03-04,0,0
656,Spain,ESP,2020-03-05,1,1
657,Spain,ESP,2020-03-06,3,2
658,Spain,ESP,2020-03-07,5,2
659,Spain,ESP,2020-03-08,5,0
660,Spain,ESP,2020-03-09,5,0
661,Spain,ESP,2020-03-10,28,23
662,Spain,ESP,2020-03-11,35,7
663,Spain,ESP,2020-03-12,47,12
664,Spain,ESP,2020-03-13,84,37
665,Spain,ESP,2020-03-14,121,37
666,Spain,ESP,2020-03-15,136,15
667,Spain,ESP,2020-03-16,288,152
668,Spain,ESP,2020-03-17,309,21
669,Spain,ESP,2020-03-18,491,182
670,Spain,ESP,2020-03-19,598,107
671,Spain,ESP,2020-03-20,767,169
672,Spain,ESP,2020-03-21,1002,235
673,Spain,ESP,2020-03-22,1326,324
674,Spain,ESP,2020-03-23,1720,394
675,Spain,ESP,2020-03-24,2182,462
676,Spain,ESP,2020-03-25,2696,514
677,Spain,ESP,2020-03-26,3434,738
678,Spain,ESP,2020-03-27,4089,655
679,Spain,ESP,2020-03-28,4858,769
680,Spain,ESP,2020-03-29,5690,832
681,Spain,ESP,2020-03-30,6528,838
682,Spain,ESP,2020-03-31,7340,812
683,Spain,ESP,2020-04-01,8189,849
684,Spain,ESP,2020-04-02,9053,864
685,Spain,ESP,2020-04-03,10003,950
686,Spain,ESP,2020-04-04,10935,932
687,Spain,ESP,2020-04-05,11744,809
688,Spain,ESP,2020-04-06,12418,674
689,Spain,ESP,2020-04-07,13055,637
690,Spain,ESP,2020-04-08,13798,743
691,United Kingdom,GBR,2020-01-01,0,0
692,United Kingdom,GBR,2020-01-02,0,0
693,United Kingdom,GBR,2020-01-03,0,0
694,United Kingdom,GBR,2020-01-04,0,0
695,United Kingdom,GBR,2020-01-05,0,0
696,United Kingdom,GBR,2020-01-06,0,0
697,United Kingdom,GBR,2020-01-07,0,0
698,United Kingdom,GBR,2020-01-08,0,0
699,United Kingdom,GBR,2020-01-09,0,0
700,United Kingdom,GBR,2020-01-10,0,0
701,United Kingdom,GBR,2020-01-11,0,0
702,United Kingdom,GBR,2020-01-12,0,0
703,United Kingdom,GBR,2020-01-13,0,0
704,United Kingdom,GBR,2020-01-14,0,0
705,United Kingdom,GBR,2020-01-15,0,0
706,United Kingdom,GBR,2020-01-16,0,0
707,United Kingdom,GBR,2020-01-17,0,0
708,United Kingdom,GBR,2020-01-18,0,0
709,United Kingdom,GBR,2020-01-19,0,0
710,United Kingdom,GBR,2020-01-20,0,0
711,United Kingdom,GBR,2020-01-21,0,0
712,United Kingdom,GBR,2020-01-22,0,0
713,United Kingdom,GBR,2020-01-23,0,0
714,United Kingdom,GBR,2020-01-24,0,0
715,United Kingdom,GBR,2020-01-25,0,0
716,United Kingdom,GBR,2020-01-26,0,0
717,United Kingdom,GBR,2020-01-27,0,0
718,United Kingdom,GBR,2020-01-28,0,0
719,United Kingdom,GBR,2020-01-29,0,0
720,United Kingdom,GBR,2020-01-30,0,0
721,United Kingdom,GBR,2020-01-31,0,0
722,United Kingdom,GBR,2020-02-01,0,0
723,United Kingdom,GBR,2020-02-02,0,0
724,United Kingdom,GBR,2020-02-03,0,0
725,United Kingdom,GBR,2020-02-04,0,0
726,United Kingdom,GBR,2020-02-05,0,0
727,United Kingdom,GBR,2020-02-06,0,0
728,United Kingdom,GBR,2020-02-07,0,0
729,United Kingdom,GBR,2020-02-08,0,0
730,United Kingdom,GBR,2020-02-09,0,0
731,United Kingdom,GBR,2020-02-10,0,0
732,United Kingdom,GBR,2020-02-11,0,0
733,United Kingdom,GBR,2020-02-12,0,0
734,United Kingdom,GBR,2020-02-13,0,0
735,United Kingdom,GBR,2020-02-14,0,0
736,United Kingdom,GBR,2020-02-15,0,0
737,United Kingdom,GBR,2020-02-16,0,0
738,United Kingdom,GBR,2020-02-17,0,0
739,United Kingdom,GBR,2020-02-18,0,0
740,United Kingdom,GBR,2020-02-19,0,0
741,United Kingdom,GBR,2020-02-20,0,0
742,United Kingdom,GBR,2020-02-21,0,0
743,United Kingdom,GBR,2020-02-22,0,0
744,United Kingdom,GBR,2020-02-23,0,0
745,United Kingdom,GBR,2020-02-24,0,0
746,United Kingdom,GBR,2020-02-25,0,0
747,United Kingdom,GBR,2020-02-26,0,0
748,United Kingdom,GBR,2020-02-27,0,0
749,United Kingdom,GBR,2020-02-28,0,0
750,United Kingdom,GBR,2020-02-29,0,0
751,United Kingdom,GBR,2020-03-01,0,0
752,United Kingdom,GBR,2020-03-02,0,0
753,United Kingdom,GBR,2020-03-03,0,0
754,United Kingdom,GBR,2020-03-04,0,0
755,United Kingdom,GBR,2020-03-05,0,0
756,United Kingdom,GBR,2020-03-06,1,1
757,United Kingdom,GBR,2020-03-07,1,0
758,United Kingdom,GBR,2020-03-08,2,1
759,United Kingdom,GBR,2020-03-09,3,1
760,United Kingdom,GBR,2020-03-10,5,2
761,United Kingdom,GBR,2020-03-11,6,1
762,United Kingdom,GBR,2020-03-12,6,0
763,United Kingdom,GBR,2020-03-13,10,4
764,United Kingdom,GBR,2020-03-14,10,0
765,United Kingdom,GBR,2020-03-15,21,11
766,United Kingdom,GBR,2020-03-16,35,14
767,United Kingdom,GBR,2020-03-17,55,20
768,United Kingdom,GBR,2020-03-18,60,5
769,United Kingdom,GBR,2020-03-19,103,43
770,United Kingdom,GBR,2020-03-20,144,41
771,United Kingdom,GBR,2020-03-21,177,33
772,United Kingdom,GBR,2020-03-22,233,56
773,United Kingdom,GBR,2020-03-23,281,48
774,United Kingdom,GBR,2020-03-24,335,54
775,United Kingdom,GBR,2020-03-25,422,87
776,United Kingdom,GBR,2020-03-26,463,41
777,United Kingdom,GBR,2020-03-27,578,115
778,United Kingdom,GBR,2020-03-28,759,181
779,United Kingdom,GBR,2020-03-29,1019,260
780,United Kingdom,GBR,2020-03-30,1228,209
781,United Kingdom,GBR,2020-03-31,1408,180
782,United Kingdom,GBR,2020-04-01,1789,381
783,United Kingdom,GBR,2020-04-02,2532,743
784,United Kingdom,GBR,2020-04-03,2921,389
785,United Kingdom,GBR,2020-04-04,3605,684
786,United Kingdom,GBR,2020-04-05,4313,708
787,United Kingdom,GBR,2020-04-06,4934,621
788,United Kingdom,GBR,2020-04-07,5373,439
789,United Kingdom,GBR,2020-04-08,6159,786
790,United States,USA,2020-01-01,0,0
791,United States,USA,2020-01-02,0,0
792,United States,USA,2020-01-03,0,0
793,United States,USA,2020-01-04,0,0
794,United States,USA,2020-01-05,0,0
795,United States,USA,2020-01-06,0,0
796,United States,USA,2020-01-07,0,0
797,United States,USA,2020-01-08,0,0
798,United States,USA,2020-01-09,0,0
799,United States,USA,2020-01-10,0,0
800,United States,USA,2020-01-11,0,0
801,United States,USA,2020-01-12,0,0
802,United States,USA,2020-01-13,0,0
803,United States,USA,2020-01-14,0,0
804,United States,USA,2020-01-15,0,0
805,United States,USA,2020-01-16,0,0
806,United States,USA,2020-01-17,0,0
807,United States,USA,2020-01-18,0,0
808,United States,USA,2020-01-19,0,0
809,United States,USA,2020-01-20,0,0
810,United States,USA,2020-01-21,0,0
811,United States,USA,2020-01-22,0,0
812,United States,USA,2020-01-23,0,0
813,United States,USA,2020-01-24,0,0
814,United States,USA,2020-01-25,0,0
815,United States,USA,2020-01-26,0,0
816,United States,USA,2020-01-27,0,0
817,United States,USA,2020-01-28,0,0
818,United States,USA,2020-01-29,0,0
819,United States,USA,2020-01-30,0,0
820,United States,USA,2020-01-31,0,0
821,United States,USA,2020-02-01,0,0
822,United States,USA,2020-02-02,0,0
823,United States,USA,2020-02-03,0,0
824,United States,USA,2020-02-04,0,0
825,United States,USA,2020-02-05,0,0
826,United States,USA,2020-02-06,0,0
827,United States,USA,2020-02-07,0,0
828,United States,USA,2020-02-08,0,0
829,United States,USA,2020-02-09,0,0
830,United States,USA,2020-02-10,0,0
831,United States,USA,2020-02-11,0,0
832,United States,USA,2020-02-12,0,0
833,United States,USA,2020-02-13,0,0
834,United States,USA,2020-02-14,0,0
835,United States,USA,2020-02-15,0,0
836,United States,USA,2020-02-16,0,0
837,United States,USA,2020-02-17,0,0
838,United States,USA,2020-02-18,0,0
839,United States,USA,2020-02-19,0,0
840,United States,USA,2020-02-20,0,0
841,United States,USA,2020-02-21,0,0
842,United States,USA,2020-02-22,0,0
843,United States,USA,2020-02-23,0,0
844,United States,USA,2020-02-24,0,0
845,United States,USA,2020-02-25,0,0
846,United States,USA,2020-02-26,0,0
847,United States,USA,2020-02-27,0,0
848,United States,USA,2020-02-28,0,0
849,United States,USA,2020-02-29,0,0
850,United States,USA,2020-03-01,1,1
851,United States,USA,2020-03-02,2,1
852,United States,USA,2020-03-03,6,4
853,United States,USA,2020-03-04,9,3
854,United States,USA,2020-03-05,11,2
855,United States,USA,2020-03-06,12,1
856,United States,USA,2020-03-07,14,2
857,United States,USA,2020-03-08,17,3
858,United States,USA,2020-03-09,21,4
859,United States,USA,2020-03-10,26,5
860,United States,USA,2020-03-11,28,2
861,United States,USA,2020-03-12,30,2
862,United States,USA,2020-03-13,40,10
863,United States,USA,2020-03-14,47,7
864,United States,USA,2020-03-15,57,10
865,United States,USA,2020-03-16,69,12
866,United States,USA,2020-03-17,85,16
867,United States,USA,2020-03-18,108,23
868,United States,USA,2020-03-19,150,42
869,United States,USA,2020-03-20,150,0
870,United States,USA,2020-03-21,260,110
871,United States,USA,2020-03-22,340,80
872,United States,USA,2020-03-23,471,131
873,United States,USA,2020-03-24,590,119
874,United States,USA,2020-03-25,801,211
875,United States,USA,2020-03-26,1050,249
876,United States,USA,2020-03-27,1296,246
877,United States,USA,2020-03-28,1707,411
878,United States,USA,2020-03-29,2191,484
879,United States,USA,2020-03-30,2509,318
880,United States,USA,2020-03-31,3170,661
881,United States,USA,2020-04-01,4079,909
882,United States,USA,2020-04-02,5138,1059
883,United States,USA,2020-04-03,6053,915
884,United States,USA,2020-04-04,7157,1104
885,United States,USA,2020-04-05,8501,1344
886,United States,USA,2020-04-06,9647,1146
887,United States,USA,2020-04-07,10989,1342
888,United States,USA,2020-04-08,12895,1906
