country,Code,date,total,daily
Australia,AUS,01/01/2020,0,0
Australia,AUS,02/01/2020,0,0
Australia,AUS,03/01/2020,0,0
Australia,AUS,04/01/2020,0,0
Australia,AUS,05/01/2020,0,0
Australia,AUS,06/01/2020,0,0
Australia,AUS,07/01/2020,0,0
Australia,AUS,08/01/2020,0,0
Australia,AUS,09/01/2020,0,0
Australia,AUS,10/01/2020,0,0
Australia,AUS,11/01/2020,0,0
Australia,AUS,12/01/2020,0,0
Australia,AUS,13/01/2020,0,0
Australia,AUS,14/01/2020,0,0
Australia,AUS,15/01/2020,0,0
Australia,AUS,16/01/2020,0,0
Australia,AUS,17/01/2020,0,0
Australia,AUS,18/01/2020,0,0
Australia,AUS,19/01/2020,0,0
Australia,AUS,20/01/2020,0,0
Australia,AUS,21/01/2020,0,0
Australia,AUS,22/01/2020,0,0
Australia,AUS,23/01/2020,0,0
Australia,AUS,24/01/2020,0,0
Australia,AUS,25/01/2020,0,0
Australia,AUS,26/01/2020,0,0
Australia,AUS,27/01/2020,0,0
Australia,AUS,28/01/2020,0,0
Australia,AUS,29/01/2020,0,0
Australia,AUS,30/01/2020,0,0
Australia,AUS,31/01/2020,0,0
Australia,AUS,01/02/2020,0,0
Australia,AUS,02/02/2020,0,0
Australia,AUS,03/02/2020,0,0
Australia,AUS,04/02/2020,0,0
Australia,AUS,05/02/2020,0,0
Australia,AUS,06/02/2020,0,0
Australia,AUS,07/02/2020,0,0
Australia,AUS,08/02/2020,0,0
Australia,AUS,09/02/2020,0,0
Australia,AUS,10/02/2020,0,0
Australia,AUS,11/02/2020,0,0
Australia,AUS,12/02/2020,0,0
Australia,AUS,13/02/2020,0,0
Australia,AUS,14/02/2020,0,0
Australia,AUS,15/02/2020,0,0
Australia,AUS,16/02/2020,0,0
Australia,AUS,17/02/2020,0,0
Australia,AUS,18/02/2020,0,0
Australia,AUS,19/02/2020,0,0
Australia,AUS,20/02/2020,0,0
Australia,AUS,21/02/2020,0,0
Australia,AUS,22/02/2020,0,0
Australia,AUS,23/02/2020,0,0
Australia,AUS,24/02/2020,0,0
Australia,AUS,25/02/2020,0,0
Australia,AUS,26/02/2020,0,0
Australia,AUS,27/02/2020,0,0
Australia,AUS,28/02/2020,0,0
Australia,AUS,29/02/2020,0,0
Australia,AUS,01/03/2020,1,1
Australia,AUS,02/03/2020,1,0
Australia,AUS,03/03/2020,1,0
Australia,AUS,04/03/2020,1,0
Australia,AUS,05/03/2020,2,1
Australia,AUS,06/03/2020,2,0
Australia,AUS,07/03/2020,2,0
Australia,AUS,08/03/2020,3,1
Australia,AUS,09/03/2020,3,0
Australia,AUS,10/03/2020,3,0
Australia,AUS,11/03/2020,3,0
Australia,AUS,12/03/2020,3,0
Australia,AUS,13/03/2020,3,0
Australia,AUS,14/03/2020,3,0
Australia,AUS,15/03/2020,3,0
Australia,AUS,16/03/2020,5,2
Australia,AUS,17/03/2020,5,0
Australia,AUS,18/03/2020,5,0
Australia,AUS,19/03/2020,6,1
Australia,AUS,20/03/2020,6,0
Australia,AUS,21/03/2020,7,1
Australia,AUS,22/03/2020,7,0
Australia,AUS,23/03/2020,7,0
Australia,AUS,24/03/2020,7,0
Australia,AUS,25/03/2020,8,1
Australia,AUS,26/03/2020,11,3
Australia,AUS,27/03/2020,13,2
Australia,AUS,28/03/2020,13,0
Australia,AUS,29/03/2020,14,1
Australia,AUS,30/03/2020,16,2
Australia,AUS,31/03/2020,19,3
Australia,AUS,01/04/2020,20,1
Australia,AUS,02/04/2020,21,1
Australia,AUS,03/04/2020,23,2
Australia,AUS,04/04/2020,30,7
Australia,AUS,05/04/2020,34,4
Australia,AUS,06/04/2020,36,2
Australia,AUS,07/04/2020,42,6
Australia,AUS,08/04/2020,45,3
Australia,AUS,09/04/2020,50,5
Australia,AUS,10/04/2020,52,2
Australia,AUS,11/04/2020,54,2
Australia,AUS,12/04/2020,57,3
Australia,AUS,13/04/2020,61,4
Australia,AUS,14/04/2020,61,0
Australia,AUS,15/04/2020,61,0
Australia,AUS,16/04/2020,63,2
Australia,AUS,17/04/2020,63,0
Australia,AUS,18/04/2020,67,4
Australia,AUS,19/04/2020,69,2
Australia,AUS,20/04/2020,70,1
Australia,AUS,21/04/2020,71,1
Australia,AUS,22/04/2020,74,3
Australia,AUS,23/04/2020,74,0
Australia,AUS,24/04/2020,75,1
Australia,AUS,25/04/2020,79,4
Australia,AUS,26/04/2020,81,2
Australia,AUS,27/04/2020,83,2
Australia,AUS,28/04/2020,84,1
Australia,AUS,29/04/2020,88,4
Australia,AUS,30/04/2020,90,2
Australia,AUS,01/05/2020,92,2
Australia,AUS,02/05/2020,93,1
Australia,AUS,03/05/2020,93,0
Australia,AUS,04/05/2020,95,2
Belgium,BEL,01/01/2020,0,0
Belgium,BEL,02/01/2020,0,0
Belgium,BEL,03/01/2020,0,0
Belgium,BEL,04/01/2020,0,0
Belgium,BEL,05/01/2020,0,0
Belgium,BEL,06/01/2020,0,0
Belgium,BEL,07/01/2020,0,0
Belgium,BEL,08/01/2020,0,0
Belgium,BEL,09/01/2020,0,0
Belgium,BEL,10/01/2020,0,0
Belgium,BEL,11/01/2020,0,0
Belgium,BEL,12/01/2020,0,0
Belgium,BEL,13/01/2020,0,0
Belgium,BEL,14/01/2020,0,0
Belgium,BEL,15/01/2020,0,0
Belgium,BEL,16/01/2020,0,0
Belgium,BEL,17/01/2020,0,0
Belgium,BEL,18/01/2020,0,0
Belgium,BEL,19/01/2020,0,0
Belgium,BEL,20/01/2020,0,0
Belgium,BEL,21/01/2020,0,0
Belgium,BEL,22/01/2020,0,0
Belgium,BEL,23/01/2020,0,0
Belgium,BEL,24/01/2020,0,0
Belgium,BEL,25/01/2020,0,0
Belgium,BEL,26/01/2020,0,0
Belgium,BEL,27/01/2020,0,0
Belgium,BEL,28/01/2020,0,0
Belgium,BEL,29/01/2020,0,0
Belgium,BEL,30/01/2020,0,0
Belgium,BEL,31/01/2020,0,0
Belgium,BEL,01/02/2020,0,0
Belgium,BEL,02/02/2020,0,0
Belgium,BEL,03/02/2020,0,0
Belgium,BEL,04/02/2020,0,0
Belgium,BEL,05/02/2020,0,0
Belgium,BEL,06/02/2020,0,0
Belgium,BEL,07/02/2020,0,0
Belgium,BEL,08/02/2020,0,0
Belgium,BEL,09/02/2020,0,0
Belgium,BEL,10/02/2020,0,0
Belgium,BEL,11/02/2020,0,0
Belgium,BEL,12/02/2020,0,0
Belgium,BEL,13/02/2020,0,0
Belgium,BEL,14/02/2020,0,0
Belgium,BEL,15/02/2020,0,0
Belgium,BEL,16/02/2020,0,0
Belgium,BEL,17/02/2020,0,0
Belgium,BEL,18/02/2020,0,0
Belgium,BEL,19/02/2020,0,0
Belgium,BEL,20/02/2020,0,0
Belgium,BEL,21/02/2020,0,0
Belgium,BEL,22/02/2020,0,0
Belgium,BEL,23/02/2020,0,0
Belgium,BEL,24/02/2020,0,0
Belgium,BEL,25/02/2020,0,0
Belgium,BEL,26/02/2020,0,0
Belgium,BEL,27/02/2020,0,0
Belgium,BEL,28/02/2020,0,0
Belgium,BEL,29/02/2020,0,0
Belgium,BEL,01/03/2020,0,0
Belgium,BEL,02/03/2020,0,0
Belgium,BEL,03/03/2020,0,0
Belgium,BEL,04/03/2020,0,0
Belgium,BEL,05/03/2020,0,0
Belgium,BEL,06/03/2020,0,0
Belgium,BEL,07/03/2020,0,0
Belgium,BEL,08/03/2020,0,0
Belgium,BEL,09/03/2020,0,0
Belgium,BEL,10/03/2020,0,0
Belgium,BEL,11/03/2020,0,0
Belgium,BEL,12/03/2020,3,3
Belgium,BEL,13/03/2020,3,0
Belgium,BEL,14/03/2020,3,0
Belgium,BEL,15/03/2020,4,1
Belgium,BEL,16/03/2020,4,0
Belgium,BEL,17/03/2020,5,1
Belgium,BEL,18/03/2020,5,0
Belgium,BEL,19/03/2020,14,9
Belgium,BEL,20/03/2020,21,7
Belgium,BEL,21/03/2020,37,16
Belgium,BEL,22/03/2020,67,30
Belgium,BEL,23/03/2020,75,8
Belgium,BEL,24/03/2020,88,13
Belgium,BEL,25/03/2020,122,34
Belgium,BEL,26/03/2020,178,56
Belgium,BEL,27/03/2020,220,42
Belgium,BEL,28/03/2020,289,69
Belgium,BEL,29/03/2020,353,64
Belgium,BEL,30/03/2020,431,78
Belgium,BEL,31/03/2020,513,82
Belgium,BEL,01/04/2020,705,192
Belgium,BEL,02/04/2020,828,123
Belgium,BEL,03/04/2020,1011,183
Belgium,BEL,04/04/2020,1143,132
Belgium,BEL,05/04/2020,1283,140
Belgium,BEL,06/04/2020,1447,164
Belgium,BEL,07/04/2020,1632,185
Belgium,BEL,08/04/2020,2035,403
Belgium,BEL,09/04/2020,2240,205
Belgium,BEL,10/04/2020,2523,283
Belgium,BEL,11/04/2020,3019,496
Belgium,BEL,12/04/2020,3346,327
Belgium,BEL,13/04/2020,3600,254
Belgium,BEL,14/04/2020,3903,303
Belgium,BEL,15/04/2020,4157,254
Belgium,BEL,16/04/2020,4440,283
Belgium,BEL,17/04/2020,4857,417
Belgium,BEL,18/04/2020,5163,306
Belgium,BEL,19/04/2020,5453,290
Belgium,BEL,20/04/2020,5683,230
Belgium,BEL,21/04/2020,5828,145
Belgium,BEL,22/04/2020,5998,170
Belgium,BEL,23/04/2020,6262,264
Belgium,BEL,24/04/2020,6490,228
Belgium,BEL,25/04/2020,6679,189
Belgium,BEL,26/04/2020,6917,238
Belgium,BEL,27/04/2020,7094,177
Belgium,BEL,28/04/2020,7207,113
Belgium,BEL,29/04/2020,7331,124
Belgium,BEL,30/04/2020,7501,170
Belgium,BEL,01/05/2020,7594,93
Belgium,BEL,02/05/2020,7703,109
Belgium,BEL,03/05/2020,7765,62
Belgium,BEL,04/05/2020,7844,79
Brazil,BRA,01/01/2020,0,0
Brazil,BRA,02/01/2020,0,0
Brazil,BRA,03/01/2020,0,0
Brazil,BRA,04/01/2020,0,0
Brazil,BRA,05/01/2020,0,0
Brazil,BRA,06/01/2020,0,0
Brazil,BRA,07/01/2020,0,0
Brazil,BRA,08/01/2020,0,0
Brazil,BRA,09/01/2020,0,0
Brazil,BRA,10/01/2020,0,0
Brazil,BRA,11/01/2020,0,0
Brazil,BRA,12/01/2020,0,0
Brazil,BRA,13/01/2020,0,0
Brazil,BRA,14/01/2020,0,0
Brazil,BRA,15/01/2020,0,0
Brazil,BRA,16/01/2020,0,0
Brazil,BRA,17/01/2020,0,0
Brazil,BRA,18/01/2020,0,0
Brazil,BRA,19/01/2020,0,0
Brazil,BRA,20/01/2020,0,0
Brazil,BRA,21/01/2020,0,0
Brazil,BRA,22/01/2020,0,0
Brazil,BRA,23/01/2020,0,0
Brazil,BRA,24/01/2020,0,0
Brazil,BRA,25/01/2020,0,0
Brazil,BRA,26/01/2020,0,0
Brazil,BRA,27/01/2020,0,0
Brazil,BRA,28/01/2020,0,0
Brazil,BRA,29/01/2020,0,0
Brazil,BRA,30/01/2020,0,0
Brazil,BRA,31/01/2020,0,0
Brazil,BRA,01/02/2020,0,0
Brazil,BRA,02/02/2020,0,0
Brazil,BRA,03/02/2020,0,0
Brazil,BRA,04/02/2020,0,0
Brazil,BRA,05/02/2020,0,0
Brazil,BRA,06/02/2020,0,0
Brazil,BRA,07/02/2020,0,0
Brazil,BRA,08/02/2020,0,0
Brazil,BRA,09/02/2020,0,0
Brazil,BRA,10/02/2020,0,0
Brazil,BRA,11/02/2020,0,0
Brazil,BRA,12/02/2020,0,0
Brazil,BRA,13/02/2020,0,0
Brazil,BRA,14/02/2020,0,0
Brazil,BRA,15/02/2020,0,0
Brazil,BRA,16/02/2020,0,0
Brazil,BRA,17/02/2020,0,0
Brazil,BRA,18/02/2020,0,0
Brazil,BRA,19/02/2020,0,0
Brazil,BRA,20/02/2020,0,0
Brazil,BRA,21/02/2020,0,0
Brazil,BRA,22/02/2020,0,0
Brazil,BRA,23/02/2020,0,0
Brazil,BRA,24/02/2020,0,0
Brazil,BRA,25/02/2020,0,0
Brazil,BRA,26/02/2020,0,0
Brazil,BRA,27/02/2020,0,0
Brazil,BRA,28/02/2020,0,0
Brazil,BRA,29/02/2020,0,0
Brazil,BRA,01/03/2020,0,0
Brazil,BRA,02/03/2020,0,0
Brazil,BRA,05/03/2020,0,0
Brazil,BRA,06/03/2020,0,0
Brazil,BRA,07/03/2020,0,0
Brazil,BRA,08/03/2020,0,0
Brazil,BRA,09/03/2020,0,0
Brazil,BRA,11/03/2020,0,0
Brazil,BRA,12/03/2020,0,0
Brazil,BRA,13/03/2020,0,0
Brazil,BRA,14/03/2020,0,0
Brazil,BRA,15/03/2020,0,0
Brazil,BRA,16/03/2020,0,0
Brazil,BRA,17/03/2020,0,0
Brazil,BRA,18/03/2020,1,1
Brazil,BRA,19/03/2020,4,3
Brazil,BRA,20/03/2020,6,2
Brazil,BRA,21/03/2020,11,5
Brazil,BRA,22/03/2020,18,7
Brazil,BRA,23/03/2020,25,7
Brazil,BRA,24/03/2020,34,9
Brazil,BRA,25/03/2020,46,12
Brazil,BRA,26/03/2020,57,11
Brazil,BRA,27/03/2020,77,20
Brazil,BRA,28/03/2020,92,15
Brazil,BRA,29/03/2020,114,22
Brazil,BRA,30/03/2020,136,22
Brazil,BRA,31/03/2020,159,23
Brazil,BRA,01/04/2020,201,42
Brazil,BRA,02/04/2020,241,40
Brazil,BRA,03/04/2020,299,58
Brazil,BRA,04/04/2020,359,60
Brazil,BRA,05/04/2020,432,73
Brazil,BRA,06/04/2020,486,54
Brazil,BRA,07/04/2020,553,67
Brazil,BRA,08/04/2020,667,114
Brazil,BRA,09/04/2020,800,133
Brazil,BRA,10/04/2020,941,141
Brazil,BRA,11/04/2020,1056,115
Brazil,BRA,12/04/2020,1124,68
Brazil,BRA,13/04/2020,1223,99
Brazil,BRA,14/04/2020,1328,105
Brazil,BRA,15/04/2020,1532,204
Brazil,BRA,16/04/2020,1736,204
Brazil,BRA,17/04/2020,1924,188
Brazil,BRA,18/04/2020,2141,217
Brazil,BRA,19/04/2020,2347,206
Brazil,BRA,20/04/2020,2462,115
Brazil,BRA,21/04/2020,2575,113
Brazil,BRA,22/04/2020,2741,166
Brazil,BRA,23/04/2020,2906,165
Brazil,BRA,24/04/2020,3313,407
Brazil,BRA,25/04/2020,3670,357
Brazil,BRA,26/04/2020,4016,346
Brazil,BRA,27/04/2020,4205,189
Brazil,BRA,28/04/2020,4543,338
Brazil,BRA,29/04/2020,5017,474
Brazil,BRA,30/04/2020,5466,449
Brazil,BRA,01/05/2020,5901,435
Brazil,BRA,02/05/2020,6329,428
Brazil,BRA,03/05/2020,6750,421
Brazil,BRA,04/05/2020,7025,275
China,CHN,01/01/2020,0,0
China,CHN,02/01/2020,0,0
China,CHN,03/01/2020,0,0
China,CHN,04/01/2020,0,0
China,CHN,05/01/2020,0,0
China,CHN,06/01/2020,0,0
China,CHN,07/01/2020,0,0
China,CHN,08/01/2020,0,0
China,CHN,09/01/2020,0,0
China,CHN,10/01/2020,0,0
China,CHN,11/01/2020,1,1
China,CHN,12/01/2020,1,0
China,CHN,13/01/2020,1,0
China,CHN,14/01/2020,1,0
China,CHN,15/01/2020,2,1
China,CHN,16/01/2020,2,0
China,CHN,17/01/2020,2,0
China,CHN,18/01/2020,2,0
China,CHN,19/01/2020,3,1
China,CHN,20/01/2020,3,0
China,CHN,21/01/2020,6,3
China,CHN,22/01/2020,17,11
China,CHN,23/01/2020,17,0
China,CHN,24/01/2020,26,9
China,CHN,25/01/2020,41,15
China,CHN,26/01/2020,56,15
China,CHN,27/01/2020,81,25
China,CHN,28/01/2020,106,25
China,CHN,29/01/2020,132,26
China,CHN,30/01/2020,170,38
China,CHN,31/01/2020,213,43
China,CHN,01/02/2020,259,46
China,CHN,02/02/2020,304,45
China,CHN,03/02/2020,361,57
China,CHN,04/02/2020,426,65
China,CHN,05/02/2020,492,66
China,CHN,06/02/2020,564,72
China,CHN,07/02/2020,637,73
China,CHN,08/02/2020,723,86
China,CHN,09/02/2020,812,89
China,CHN,10/02/2020,909,97
China,CHN,11/02/2020,1017,108
China,CHN,12/02/2020,1114,97
China,CHN,13/02/2020,1368,254
China,CHN,14/02/2020,1381,13
China,CHN,15/02/2020,1524,143
China,CHN,16/02/2020,1666,142
China,CHN,17/02/2020,1771,105
China,CHN,18/02/2020,1869,98
China,CHN,19/02/2020,2008,139
China,CHN,20/02/2020,2120,112
China,CHN,21/02/2020,2238,118
China,CHN,22/02/2020,2347,109
China,CHN,23/02/2020,2445,98
China,CHN,24/02/2020,2595,150
China,CHN,25/02/2020,2665,70
China,CHN,26/02/2020,2717,52
China,CHN,27/02/2020,2746,29
China,CHN,28/02/2020,2790,44
China,CHN,29/02/2020,2837,47
China,CHN,01/03/2020,2872,35
China,CHN,02/03/2020,2914,42
China,CHN,03/03/2020,2946,32
China,CHN,04/03/2020,2983,37
China,CHN,05/03/2020,3014,31
China,CHN,06/03/2020,3044,30
China,CHN,07/03/2020,3072,28
China,CHN,08/03/2020,3099,27
China,CHN,09/03/2020,3122,23
China,CHN,10/03/2020,3139,17
China,CHN,11/03/2020,3161,22
China,CHN,12/03/2020,3172,11
China,CHN,13/03/2020,3179,7
China,CHN,14/03/2020,3194,15
China,CHN,15/03/2020,3203,9
China,CHN,16/03/2020,3216,13
China,CHN,17/03/2020,3225,9
China,CHN,18/03/2020,3241,16
China,CHN,19/03/2020,3249,8
China,CHN,20/03/2020,3253,4
China,CHN,21/03/2020,3259,6
China,CHN,22/03/2020,3265,6
China,CHN,23/03/2020,3274,9
China,CHN,24/03/2020,3281,7
China,CHN,25/03/2020,3285,4
China,CHN,26/03/2020,3291,6
China,CHN,27/03/2020,3296,5
China,CHN,28/03/2020,3299,3
China,CHN,29/03/2020,3304,5
China,CHN,30/03/2020,3306,2
China,CHN,31/03/2020,3309,3
China,CHN,01/04/2020,3310,1
China,CHN,02/04/2020,3316,6
China,CHN,03/04/2020,3326,10
China,CHN,04/04/2020,3330,4
China,CHN,05/04/2020,3333,3
China,CHN,06/04/2020,3335,2
China,CHN,07/04/2020,3335,0
China,CHN,08/04/2020,3337,2
China,CHN,09/04/2020,3339,2
China,CHN,10/04/2020,3340,1
China,CHN,11/04/2020,3343,3
China,CHN,12/04/2020,3343,0
China,CHN,13/04/2020,3345,2
China,CHN,14/04/2020,3345,0
China,CHN,15/04/2020,3346,1
China,CHN,16/04/2020,3346,0
China,CHN,17/04/2020,4636,1290
China,CHN,18/04/2020,4636,0
China,CHN,19/04/2020,4636,0
China,CHN,20/04/2020,4636,0
China,CHN,21/04/2020,4636,0
China,CHN,22/04/2020,4636,0
China,CHN,23/04/2020,4636,0
China,CHN,24/04/2020,4636,0
China,CHN,25/04/2020,4636,0
China,CHN,26/04/2020,4636,0
China,CHN,27/04/2020,4637,1
China,CHN,28/04/2020,4637,0
China,CHN,29/04/2020,4637,0
China,CHN,30/04/2020,4637,0
China,CHN,01/05/2020,4637,0
China,CHN,02/05/2020,4637,0
China,CHN,03/05/2020,4637,0
China,CHN,04/05/2020,4637,0
Iran,IRN,01/01/2020,0,0
Iran,IRN,02/01/2020,0,0
Iran,IRN,03/01/2020,0,0
Iran,IRN,04/01/2020,0,0
Iran,IRN,05/01/2020,0,0
Iran,IRN,06/01/2020,0,0
Iran,IRN,07/01/2020,0,0
Iran,IRN,08/01/2020,0,0
Iran,IRN,09/01/2020,0,0
Iran,IRN,10/01/2020,0,0
Iran,IRN,11/01/2020,0,0
Iran,IRN,12/01/2020,0,0
Iran,IRN,13/01/2020,0,0
Iran,IRN,14/01/2020,0,0
Iran,IRN,15/01/2020,0,0
Iran,IRN,16/01/2020,0,0
Iran,IRN,17/01/2020,0,0
Iran,IRN,18/01/2020,0,0
Iran,IRN,19/01/2020,0,0
Iran,IRN,20/01/2020,0,0
Iran,IRN,21/01/2020,0,0
Iran,IRN,22/01/2020,0,0
Iran,IRN,23/01/2020,0,0
Iran,IRN,24/01/2020,0,0
Iran,IRN,25/01/2020,0,0
Iran,IRN,26/01/2020,0,0
Iran,IRN,27/01/2020,0,0
Iran,IRN,28/01/2020,0,0
Iran,IRN,29/01/2020,0,0
Iran,IRN,30/01/2020,0,0
Iran,IRN,31/01/2020,0,0
Iran,IRN,01/02/2020,0,0
Iran,IRN,02/02/2020,0,0
Iran,IRN,03/02/2020,0,0
Iran,IRN,04/02/2020,0,0
Iran,IRN,05/02/2020,0,0
Iran,IRN,06/02/2020,0,0
Iran,IRN,07/02/2020,0,0
Iran,IRN,08/02/2020,0,0
Iran,IRN,09/02/2020,0,0
Iran,IRN,10/02/2020,0,0
Iran,IRN,11/02/2020,0,0
Iran,IRN,12/02/2020,0,0
Iran,IRN,13/02/2020,0,0
Iran,IRN,14/02/2020,0,0
Iran,IRN,15/02/2020,0,0
Iran,IRN,16/02/2020,0,0
Iran,IRN,17/02/2020,0,0
Iran,IRN,18/02/2020,0,0
Iran,IRN,19/02/2020,0,0
Iran,IRN,20/02/2020,2,2
Iran,IRN,21/02/2020,2,0
Iran,IRN,22/02/2020,4,2
Iran,IRN,23/02/2020,5,1
Iran,IRN,24/02/2020,8,3
Iran,IRN,25/02/2020,12,4
Iran,IRN,26/02/2020,15,3
Iran,IRN,27/02/2020,19,4
Iran,IRN,28/02/2020,26,7
Iran,IRN,29/02/2020,34,8
Iran,IRN,01/03/2020,43,9
Iran,IRN,02/03/2020,54,11
Iran,IRN,03/03/2020,66,12
Iran,IRN,04/03/2020,77,11
Iran,IRN,05/03/2020,92,15
Iran,IRN,06/03/2020,107,15
Iran,IRN,07/03/2020,124,17
Iran,IRN,08/03/2020,145,21
Iran,IRN,09/03/2020,194,49
Iran,IRN,10/03/2020,237,43
Iran,IRN,11/03/2020,291,54
Iran,IRN,12/03/2020,354,63
Iran,IRN,13/03/2020,429,75
Iran,IRN,14/03/2020,514,85
Iran,IRN,15/03/2020,611,97
Iran,IRN,16/03/2020,724,113
Iran,IRN,17/03/2020,853,129
Iran,IRN,18/03/2020,988,135
Iran,IRN,19/03/2020,1135,147
Iran,IRN,20/03/2020,1284,149
Iran,IRN,21/03/2020,1433,149
Iran,IRN,22/03/2020,1556,123
Iran,IRN,23/03/2020,1685,129
Iran,IRN,24/03/2020,1812,127
Iran,IRN,25/03/2020,1934,122
Iran,IRN,26/03/2020,2077,143
Iran,IRN,27/03/2020,2234,157
Iran,IRN,28/03/2020,2378,144
Iran,IRN,29/03/2020,2517,139
Iran,IRN,30/03/2020,2640,123
Iran,IRN,31/03/2020,2757,117
Iran,IRN,01/04/2020,2898,141
Iran,IRN,02/04/2020,3036,138
Iran,IRN,03/04/2020,3160,124
Iran,IRN,04/04/2020,3160,0
Iran,IRN,05/04/2020,3452,292
Iran,IRN,06/04/2020,3603,151
Iran,IRN,07/04/2020,3739,136
Iran,IRN,08/04/2020,3872,133
Iran,IRN,09/04/2020,3993,121
Iran,IRN,10/04/2020,4110,117
Iran,IRN,11/04/2020,4232,122
Iran,IRN,12/04/2020,4357,125
Iran,IRN,13/04/2020,4474,117
Iran,IRN,14/04/2020,4585,111
Iran,IRN,15/04/2020,4683,98
Iran,IRN,16/04/2020,4777,94
Iran,IRN,17/04/2020,4869,92
Iran,IRN,18/04/2020,4958,89
Iran,IRN,19/04/2020,5031,73
Iran,IRN,20/04/2020,5118,87
Iran,IRN,21/04/2020,5209,91
Iran,IRN,22/04/2020,5297,88
Iran,IRN,23/04/2020,5391,94
Iran,IRN,24/04/2020,5481,90
Iran,IRN,25/04/2020,5574,93
Iran,IRN,26/04/2020,5650,76
Iran,IRN,27/04/2020,5710,60
Iran,IRN,28/04/2020,5806,96
Iran,IRN,29/04/2020,5877,71
Iran,IRN,30/04/2020,5957,80
Iran,IRN,01/05/2020,6028,71
Iran,IRN,02/05/2020,6091,63
Iran,IRN,03/05/2020,6156,65
Iran,IRN,04/05/2020,6203,47
Italy,ITA,01/01/2020,0,0
Italy,ITA,02/01/2020,0,0
Italy,ITA,03/01/2020,0,0
Italy,ITA,04/01/2020,0,0
Italy,ITA,05/01/2020,0,0
Italy,ITA,06/01/2020,0,0
Italy,ITA,07/01/2020,0,0
Italy,ITA,08/01/2020,0,0
Italy,ITA,09/01/2020,0,0
Italy,ITA,10/01/2020,0,0
Italy,ITA,11/01/2020,0,0
Italy,ITA,12/01/2020,0,0
Italy,ITA,13/01/2020,0,0
Italy,ITA,14/01/2020,0,0
Italy,ITA,15/01/2020,0,0
Italy,ITA,16/01/2020,0,0
Italy,ITA,17/01/2020,0,0
Italy,ITA,18/01/2020,0,0
Italy,ITA,19/01/2020,0,0
Italy,ITA,20/01/2020,0,0
Italy,ITA,21/01/2020,0,0
Italy,ITA,22/01/2020,0,0
Italy,ITA,23/01/2020,0,0
Italy,ITA,24/01/2020,0,0
Italy,ITA,25/01/2020,0,0
Italy,ITA,26/01/2020,0,0
Italy,ITA,27/01/2020,0,0
Italy,ITA,28/01/2020,0,0
Italy,ITA,29/01/2020,0,0
Italy,ITA,30/01/2020,0,0
Italy,ITA,31/01/2020,0,0
Italy,ITA,01/02/2020,0,0
Italy,ITA,02/02/2020,0,0
Italy,ITA,03/02/2020,0,0
Italy,ITA,04/02/2020,0,0
Italy,ITA,05/02/2020,0,0
Italy,ITA,06/02/2020,0,0
Italy,ITA,07/02/2020,0,0
Italy,ITA,08/02/2020,0,0
Italy,ITA,09/02/2020,0,0
Italy,ITA,10/02/2020,0,0
Italy,ITA,11/02/2020,0,0
Italy,ITA,12/02/2020,0,0
Italy,ITA,13/02/2020,0,0
Italy,ITA,14/02/2020,0,0
Italy,ITA,15/02/2020,0,0
Italy,ITA,16/02/2020,0,0
Italy,ITA,17/02/2020,0,0
Italy,ITA,18/02/2020,0,0
Italy,ITA,19/02/2020,0,0
Italy,ITA,20/02/2020,0,0
Italy,ITA,21/02/2020,0,0
Italy,ITA,22/02/2020,0,0
Italy,ITA,23/02/2020,2,2
Italy,ITA,24/02/2020,2,0
Italy,ITA,25/02/2020,6,4
Italy,ITA,26/02/2020,11,5
Italy,ITA,27/02/2020,12,1
Italy,ITA,28/02/2020,17,5
Italy,ITA,29/02/2020,21,4
Italy,ITA,01/03/2020,29,8
Italy,ITA,02/03/2020,35,6
Italy,ITA,03/03/2020,52,17
Italy,ITA,04/03/2020,80,28
Italy,ITA,05/03/2020,107,27
Italy,ITA,06/03/2020,148,41
Italy,ITA,07/03/2020,197,49
Italy,ITA,08/03/2020,233,36
Italy,ITA,09/03/2020,366,133
Italy,ITA,10/03/2020,464,98
Italy,ITA,11/03/2020,631,167
Italy,ITA,12/03/2020,827,196
Italy,ITA,13/03/2020,1016,189
Italy,ITA,14/03/2020,1268,252
Italy,ITA,15/03/2020,1441,173
Italy,ITA,16/03/2020,1811,370
Italy,ITA,17/03/2020,2158,347
Italy,ITA,18/03/2020,2505,347
Italy,ITA,19/03/2020,2978,473
Italy,ITA,20/03/2020,3407,429
Italy,ITA,21/03/2020,4032,625
Italy,ITA,22/03/2020,4827,795
Italy,ITA,23/03/2020,5476,649
Italy,ITA,24/03/2020,6077,601
Italy,ITA,25/03/2020,6820,743
Italy,ITA,26/03/2020,7505,685
Italy,ITA,27/03/2020,8165,660
Italy,ITA,28/03/2020,9136,971
Italy,ITA,29/03/2020,10023,887
Italy,ITA,30/03/2020,10781,758
Italy,ITA,31/03/2020,11591,810
Italy,ITA,01/04/2020,12430,839
Italy,ITA,02/04/2020,13157,727
Italy,ITA,03/04/2020,13917,760
Italy,ITA,04/04/2020,14681,764
Italy,ITA,05/04/2020,15362,681
Italy,ITA,06/04/2020,15889,527
Italy,ITA,07/04/2020,16525,636
Italy,ITA,08/04/2020,17129,604
Italy,ITA,09/04/2020,17669,540
Italy,ITA,10/04/2020,18281,612
Italy,ITA,11/04/2020,18851,570
Italy,ITA,12/04/2020,19470,619
Italy,ITA,13/04/2020,19901,431
Italy,ITA,14/04/2020,20465,564
Italy,ITA,15/04/2020,21069,604
Italy,ITA,16/04/2020,21647,578
Italy,ITA,17/04/2020,22172,525
Italy,ITA,18/04/2020,22747,575
Italy,ITA,19/04/2020,23227,480
Italy,ITA,20/04/2020,23660,433
Italy,ITA,21/04/2020,24114,454
Italy,ITA,22/04/2020,24648,534
Italy,ITA,23/04/2020,25085,437
Italy,ITA,24/04/2020,25549,464
Italy,ITA,25/04/2020,25969,420
Italy,ITA,26/04/2020,26384,415
Italy,ITA,27/04/2020,26644,260
Italy,ITA,28/04/2020,26977,333
Italy,ITA,29/04/2020,27359,382
Italy,ITA,30/04/2020,27682,323
Italy,ITA,01/05/2020,27967,285
Italy,ITA,02/05/2020,28236,269
Italy,ITA,03/05/2020,28710,474
Italy,ITA,04/05/2020,28884,174
Spain,ESP,01/01/2020,0,0
Spain,ESP,02/01/2020,0,0
Spain,ESP,03/01/2020,0,0
Spain,ESP,04/01/2020,0,0
Spain,ESP,05/01/2020,0,0
Spain,ESP,06/01/2020,0,0
Spain,ESP,07/01/2020,0,0
Spain,ESP,08/01/2020,0,0
Spain,ESP,09/01/2020,0,0
Spain,ESP,10/01/2020,0,0
Spain,ESP,11/01/2020,0,0
Spain,ESP,12/01/2020,0,0
Spain,ESP,13/01/2020,0,0
Spain,ESP,14/01/2020,0,0
Spain,ESP,15/01/2020,0,0
Spain,ESP,16/01/2020,0,0
Spain,ESP,17/01/2020,0,0
Spain,ESP,18/01/2020,0,0
Spain,ESP,19/01/2020,0,0
Spain,ESP,20/01/2020,0,0
Spain,ESP,21/01/2020,0,0
Spain,ESP,22/01/2020,0,0
Spain,ESP,23/01/2020,0,0
Spain,ESP,24/01/2020,0,0
Spain,ESP,25/01/2020,0,0
Spain,ESP,26/01/2020,0,0
Spain,ESP,27/01/2020,0,0
Spain,ESP,28/01/2020,0,0
Spain,ESP,29/01/2020,0,0
Spain,ESP,30/01/2020,0,0
Spain,ESP,31/01/2020,0,0
Spain,ESP,01/02/2020,0,0
Spain,ESP,02/02/2020,0,0
Spain,ESP,03/02/2020,0,0
Spain,ESP,04/02/2020,0,0
Spain,ESP,05/02/2020,0,0
Spain,ESP,06/02/2020,0,0
Spain,ESP,07/02/2020,0,0
Spain,ESP,08/02/2020,0,0
Spain,ESP,09/02/2020,0,0
Spain,ESP,10/02/2020,0,0
Spain,ESP,11/02/2020,0,0
Spain,ESP,12/02/2020,0,0
Spain,ESP,13/02/2020,0,0
Spain,ESP,14/02/2020,0,0
Spain,ESP,15/02/2020,0,0
Spain,ESP,16/02/2020,0,0
Spain,ESP,17/02/2020,0,0
Spain,ESP,18/02/2020,0,0
Spain,ESP,19/02/2020,0,0
Spain,ESP,20/02/2020,0,0
Spain,ESP,21/02/2020,0,0
Spain,ESP,22/02/2020,0,0
Spain,ESP,23/02/2020,0,0
Spain,ESP,24/02/2020,0,0
Spain,ESP,25/02/2020,0,0
Spain,ESP,26/02/2020,0,0
Spain,ESP,27/02/2020,0,0
Spain,ESP,28/02/2020,0,0
Spain,ESP,29/02/2020,0,0
Spain,ESP,01/03/2020,0,0
Spain,ESP,02/03/2020,0,0
Spain,ESP,03/03/2020,0,0
Spain,ESP,04/03/2020,0,0
Spain,ESP,05/03/2020,1,1
Spain,ESP,06/03/2020,3,2
Spain,ESP,07/03/2020,5,2
Spain,ESP,08/03/2020,5,0
Spain,ESP,09/03/2020,5,0
Spain,ESP,10/03/2020,28,23
Spain,ESP,11/03/2020,35,7
Spain,ESP,12/03/2020,47,12
Spain,ESP,13/03/2020,84,37
Spain,ESP,14/03/2020,121,37
Spain,ESP,15/03/2020,136,15
Spain,ESP,16/03/2020,288,152
Spain,ESP,17/03/2020,309,21
Spain,ESP,18/03/2020,491,182
Spain,ESP,19/03/2020,598,107
Spain,ESP,20/03/2020,767,169
Spain,ESP,21/03/2020,1002,235
Spain,ESP,22/03/2020,1326,324
Spain,ESP,23/03/2020,1720,394
Spain,ESP,24/03/2020,2182,462
Spain,ESP,25/03/2020,2696,514
Spain,ESP,26/03/2020,3434,738
Spain,ESP,27/03/2020,4089,655
Spain,ESP,28/03/2020,4858,769
Spain,ESP,29/03/2020,5690,832
Spain,ESP,30/03/2020,6528,838
Spain,ESP,31/03/2020,7340,812
Spain,ESP,01/04/2020,8189,849
Spain,ESP,02/04/2020,9053,864
Spain,ESP,03/04/2020,10003,950
Spain,ESP,04/04/2020,10935,932
Spain,ESP,05/04/2020,11744,809
Spain,ESP,06/04/2020,12418,674
Spain,ESP,07/04/2020,13055,637
Spain,ESP,08/04/2020,13798,743
Spain,ESP,09/04/2020,14555,757
Spain,ESP,10/04/2020,15238,683
Spain,ESP,11/04/2020,15843,605
Spain,ESP,12/04/2020,16353,510
Spain,ESP,13/04/2020,16972,619
Spain,ESP,14/04/2020,17489,517
Spain,ESP,15/04/2020,18056,567
Spain,ESP,16/04/2020,18579,523
Spain,ESP,17/04/2020,19130,551
Spain,ESP,18/04/2020,19478,348
Spain,ESP,19/04/2020,20043,565
Spain,ESP,20/04/2020,20453,410
Spain,ESP,21/04/2020,21282,829
Spain,ESP,22/04/2020,21717,435
Spain,ESP,23/04/2020,22157,440
Spain,ESP,24/04/2020,22524,367
Spain,ESP,25/04/2020,22902,378
Spain,ESP,26/04/2020,23190,288
Spain,ESP,27/04/2020,23190,0
Spain,ESP,28/04/2020,23822,632
Spain,ESP,29/04/2020,24275,453
Spain,ESP,30/04/2020,24543,268
Spain,ESP,01/05/2020,24824,281
Spain,ESP,02/05/2020,25100,276
Spain,ESP,03/05/2020,25264,164
Spain,ESP,04/05/2020,25428,164
United Kingdom,GBR,01/01/2020,0,0
United Kingdom,GBR,02/01/2020,0,0
United Kingdom,GBR,03/01/2020,0,0
United Kingdom,GBR,04/01/2020,0,0
United Kingdom,GBR,05/01/2020,0,0
United Kingdom,GBR,06/01/2020,0,0
United Kingdom,GBR,07/01/2020,0,0
United Kingdom,GBR,08/01/2020,0,0
United Kingdom,GBR,09/01/2020,0,0
United Kingdom,GBR,10/01/2020,0,0
United Kingdom,GBR,11/01/2020,0,0
United Kingdom,GBR,12/01/2020,0,0
United Kingdom,GBR,13/01/2020,0,0
United Kingdom,GBR,14/01/2020,0,0
United Kingdom,GBR,15/01/2020,0,0
United Kingdom,GBR,16/01/2020,0,0
United Kingdom,GBR,17/01/2020,0,0
United Kingdom,GBR,18/01/2020,0,0
United Kingdom,GBR,19/01/2020,0,0
United Kingdom,GBR,20/01/2020,0,0
United Kingdom,GBR,21/01/2020,0,0
United Kingdom,GBR,22/01/2020,0,0
United Kingdom,GBR,23/01/2020,0,0
United Kingdom,GBR,24/01/2020,0,0
United Kingdom,GBR,25/01/2020,0,0
United Kingdom,GBR,26/01/2020,0,0
United Kingdom,GBR,27/01/2020,0,0
United Kingdom,GBR,28/01/2020,0,0
United Kingdom,GBR,29/01/2020,0,0
United Kingdom,GBR,30/01/2020,0,0
United Kingdom,GBR,31/01/2020,0,0
United Kingdom,GBR,01/02/2020,0,0
United Kingdom,GBR,02/02/2020,0,0
United Kingdom,GBR,03/02/2020,0,0
United Kingdom,GBR,04/02/2020,0,0
United Kingdom,GBR,05/02/2020,0,0
United Kingdom,GBR,06/02/2020,0,0
United Kingdom,GBR,07/02/2020,0,0
United Kingdom,GBR,08/02/2020,0,0
United Kingdom,GBR,09/02/2020,0,0
United Kingdom,GBR,10/02/2020,0,0
United Kingdom,GBR,11/02/2020,0,0
United Kingdom,GBR,12/02/2020,0,0
United Kingdom,GBR,13/02/2020,0,0
United Kingdom,GBR,14/02/2020,0,0
United Kingdom,GBR,15/02/2020,0,0
United Kingdom,GBR,16/02/2020,0,0
United Kingdom,GBR,17/02/2020,0,0
United Kingdom,GBR,18/02/2020,0,0
United Kingdom,GBR,19/02/2020,0,0
United Kingdom,GBR,20/02/2020,0,0
United Kingdom,GBR,21/02/2020,0,0
United Kingdom,GBR,22/02/2020,0,0
United Kingdom,GBR,23/02/2020,0,0
United Kingdom,GBR,24/02/2020,0,0
United Kingdom,GBR,25/02/2020,0,0
United Kingdom,GBR,26/02/2020,0,0
United Kingdom,GBR,27/02/2020,0,0
United Kingdom,GBR,28/02/2020,0,0
United Kingdom,GBR,29/02/2020,0,0
United Kingdom,GBR,01/03/2020,0,0
United Kingdom,GBR,02/03/2020,0,0
United Kingdom,GBR,03/03/2020,0,0
United Kingdom,GBR,04/03/2020,0,0
United Kingdom,GBR,05/03/2020,0,0
United Kingdom,GBR,06/03/2020,1,1
United Kingdom,GBR,07/03/2020,1,0
United Kingdom,GBR,08/03/2020,2,1
United Kingdom,GBR,09/03/2020,2,1
United Kingdom,GBR,10/03/2020,3,2
United Kingdom,GBR,11/03/2020,7,1
United Kingdom,GBR,12/03/2020,7,0
United Kingdom,GBR,13/03/2020,9,4
United Kingdom,GBR,14/03/2020,10,0
United Kingdom,GBR,15/03/2020,28,11
United Kingdom,GBR,16/03/2020,43,14
United Kingdom,GBR,17/03/2020,65,20
United Kingdom,GBR,18/03/2020,81,5
United Kingdom,GBR,19/03/2020,115,43
United Kingdom,GBR,20/03/2020,158,41
United Kingdom,GBR,21/03/2020,194,33
United Kingdom,GBR,22/03/2020,250,56
United Kingdom,GBR,23/03/2020,285,48
United Kingdom,GBR,24/03/2020,359,54
United Kingdom,GBR,25/03/2020,508,87
United Kingdom,GBR,26/03/2020,694,41
United Kingdom,GBR,27/03/2020,877,115
United Kingdom,GBR,28/03/2020,1161,181
United Kingdom,GBR,29/03/2020,1455,260
United Kingdom,GBR,30/03/2020,1669,209
United Kingdom,GBR,31/03/2020,2043,180
United Kingdom,GBR,01/04/2020,2425,381
United Kingdom,GBR,02/04/2020,3095,743
United Kingdom,GBR,03/04/2020,3747,389
United Kingdom,GBR,04/04/2020,4461,684
United Kingdom,GBR,05/04/2020,5221,708
United Kingdom,GBR,06/04/2020,5865,621
United Kingdom,GBR,07/04/2020,6433,439
United Kingdom,GBR,08/04/2020,7471,786
United Kingdom,GBR,09/04/2020,8505,1034
United Kingdom,GBR,10/04/2020,9608,1103
United Kingdom,GBR,11/04/2020,10760,1152
United Kingdom,GBR,12/04/2020,11599,839
United Kingdom,GBR,13/04/2020,12285,686
United Kingdom,GBR,14/04/2020,13029,744
United Kingdom,GBR,15/04/2020,14073,1044
United Kingdom,GBR,16/04/2020,14915,842
United Kingdom,GBR,17/04/2020,15944,1029
United Kingdom,GBR,18/04/2020,16879,935
United Kingdom,GBR,19/04/2020,17994,1115
United Kingdom,GBR,20/04/2020,18492,498
United Kingdom,GBR,21/04/2020,19051,559
United Kingdom,GBR,22/04/2020,20223,1172
United Kingdom,GBR,23/04/2020,21060,837
United Kingdom,GBR,24/04/2020,21787,727
United Kingdom,GBR,25/04/2020,22792,1005
United Kingdom,GBR,26/04/2020,23635,843
United Kingdom,GBR,27/04/2020,24055,420
United Kingdom,GBR,28/04/2020,24393,338
United Kingdom,GBR,29/04/2020,25302,909
United Kingdom,GBR,30/04/2020,26097,795
United Kingdom,GBR,01/05/2020,26771,674
United Kingdom,GBR,02/05/2020,27510,739
United Kingdom,GBR,03/05/2020,28131,621
United Kingdom,GBR,04/05/2020,28446,315
United States,USA,01/01/2020,0,0
United States,USA,02/01/2020,0,0
United States,USA,03/01/2020,0,0
United States,USA,04/01/2020,0,0
United States,USA,05/01/2020,0,0
United States,USA,06/01/2020,0,0
United States,USA,07/01/2020,0,0
United States,USA,08/01/2020,0,0
United States,USA,09/01/2020,0,0
United States,USA,10/01/2020,0,0
United States,USA,11/01/2020,0,0
United States,USA,12/01/2020,0,0
United States,USA,13/01/2020,0,0
United States,USA,14/01/2020,0,0
United States,USA,15/01/2020,0,0
United States,USA,16/01/2020,0,0
United States,USA,17/01/2020,0,0
United States,USA,18/01/2020,0,0
United States,USA,19/01/2020,0,0
United States,USA,20/01/2020,0,0
United States,USA,21/01/2020,0,0
United States,USA,22/01/2020,0,0
United States,USA,23/01/2020,0,0
United States,USA,24/01/2020,0,0
United States,USA,25/01/2020,0,0
United States,USA,26/01/2020,0,0
United States,USA,27/01/2020,0,0
United States,USA,28/01/2020,0,0
United States,USA,29/01/2020,0,0
United States,USA,30/01/2020,0,0
United States,USA,31/01/2020,0,0
United States,USA,01/02/2020,0,0
United States,USA,02/02/2020,0,0
United States,USA,03/02/2020,0,0
United States,USA,04/02/2020,0,0
United States,USA,05/02/2020,0,0
United States,USA,06/02/2020,0,0
United States,USA,07/02/2020,0,0
United States,USA,08/02/2020,0,0
United States,USA,09/02/2020,0,0
United States,USA,10/02/2020,0,0
United States,USA,11/02/2020,0,0
United States,USA,12/02/2020,0,0
United States,USA,13/02/2020,0,0
United States,USA,14/02/2020,0,0
United States,USA,15/02/2020,0,0
United States,USA,16/02/2020,0,0
United States,USA,17/02/2020,0,0
United States,USA,18/02/2020,0,0
United States,USA,19/02/2020,0,0
United States,USA,20/02/2020,0,0
United States,USA,21/02/2020,0,0
United States,USA,22/02/2020,0,0
United States,USA,23/02/2020,0,0
United States,USA,24/02/2020,0,0
United States,USA,25/02/2020,0,0
United States,USA,26/02/2020,0,0
United States,USA,27/02/2020,0,0
United States,USA,28/02/2020,0,0
United States,USA,29/02/2020,0,0
United States,USA,01/03/2020,1,1
United States,USA,02/03/2020,2,1
United States,USA,03/03/2020,6,4
United States,USA,04/03/2020,9,3
United States,USA,05/03/2020,11,2
United States,USA,06/03/2020,12,1
United States,USA,07/03/2020,14,2
United States,USA,08/03/2020,17,3
United States,USA,09/03/2020,21,4
United States,USA,10/03/2020,26,5
United States,USA,11/03/2020,28,2
United States,USA,12/03/2020,30,2
United States,USA,13/03/2020,40,10
United States,USA,14/03/2020,47,7
United States,USA,15/03/2020,57,10
United States,USA,16/03/2020,69,12
United States,USA,17/03/2020,85,16
United States,USA,18/03/2020,108,23
United States,USA,19/03/2020,150,42
United States,USA,20/03/2020,150,0
United States,USA,21/03/2020,260,110
United States,USA,22/03/2020,340,80
United States,USA,23/03/2020,471,131
United States,USA,24/03/2020,590,119
United States,USA,25/03/2020,801,211
United States,USA,26/03/2020,1050,249
United States,USA,27/03/2020,1296,246
United States,USA,28/03/2020,1707,411
United States,USA,29/03/2020,2191,484
United States,USA,30/03/2020,2509,318
United States,USA,31/03/2020,3170,661
United States,USA,01/04/2020,4079,909
United States,USA,02/04/2020,5138,1059
United States,USA,03/04/2020,6053,915
United States,USA,04/04/2020,7157,1104
United States,USA,05/04/2020,8501,1344
United States,USA,06/04/2020,9647,1146
United States,USA,07/04/2020,10989,1342
United States,USA,08/04/2020,12895,1906
United States,USA,09/04/2020,14817,1922
United States,USA,10/04/2020,16690,1873
United States,USA,11/04/2020,18777,2087
United States,USA,12/04/2020,20608,1831
United States,USA,13/04/2020,22108,1500
United States,USA,14/04/2020,23649,1541
United States,USA,15/04/2020,26057,2408
United States,USA,16/04/2020,30985,4928
United States,USA,17/04/2020,33284,2299
United States,USA,18/04/2020,37054,3770
United States,USA,19/04/2020,38910,1856
United States,USA,20/04/2020,40682,1772
United States,USA,21/04/2020,42539,1857
United States,USA,22/04/2020,45063,2524
United States,USA,23/04/2020,46784,1721
United States,USA,24/04/2020,49963,3179
United States,USA,25/04/2020,51017,1054
United States,USA,26/04/2020,53189,2172
United States,USA,27/04/2020,54876,1687
United States,USA,28/04/2020,56245,1369
United States,USA,29/04/2020,58355,2110
United States,USA,30/04/2020,60966,2611
United States,USA,01/05/2020,63006,2040
United States,USA,02/05/2020,65068,2062
United States,USA,03/05/2020,66385,1317
United States,USA,04/05/2020,67682,1297
